<service>
	<!-- 该服务的唯一标识 -->
    <id>frpc</id>
    <!-- 该服务的名称 -->
    <name>frpc 0.29.0</name>
    <!-- 该服务的描述 -->
    <description>frpc客户端 这个服务用 frpc 实现内网穿透</description>
    <!-- 要运行的程序路径 -->
    <executable>frpc.exe</executable>
    <!-- 携带的参数 -->
    <arguments>-c frpc.ini</arguments>
    <!-- 日志模式 -->
    <logmode>none</logmode>
</service>